digit_label,wer,cer,semantic_similarity
0,1.0333333333333334,0.475,0.677691
1,0.48,0.32166666666666666,0.8518266
2,0.62,0.33866666666666667,0.82987636
3,0.7733333333333333,0.425,0.75075
4,0.7066666666666667,0.5411111111111111,0.8672422
5,0.7233333333333334,0.4175,0.85591775
6,0.7333333333333333,0.37583333333333335,0.8771807
7,0.8933333333333333,0.4508333333333333,0.81645185
8,0.6966666666666667,0.36,0.8278124
9,0.7166666666666667,0.37083333333333335,0.79232717
