greedy_wer,lm_wer,greedy_cer,lm_cer
0.76,0.76,0.4686666666666666,0.5306666666666667
