total_samples,mean_wer,median_wer,std_wer,mean_cer,median_cer,std_cer,mean_ser,median_ser,std_ser,mean_semantic_similarity
6156,0.317877675558226,0.2857142857142857,0.31724248894006624,0.09218123050538544,0.043478260869565216,1.5430407596261246,0.15856011,0.12849009,0.10849475,0.84143996
