total_samples,mean_wer,median_wer,std_wer,mean_cer,median_cer,std_cer,mean_ser,median_ser,std_ser,mean_semantic_similarity
10,0.34813852813852814,0.26666666666666666,0.2765053444850544,0.05533366297171845,0.04801396769969446,0.04509254272792439,0.12788972,0.11538327,0.069742784,0.87211025
